{"stats":{"minecraft:killed":{"born_in_chaos_v1:dread_hound":1},"minecraft:picked_up":{"born_in_chaos_v1:monster_skin":1,"minecraft:bone":2},"minecraft:killed_by":{"ttigraas:otherworlder":1},"minecraft:custom":{"minecraft:jump":97,"minecraft:time_since_rest":102,"minecraft:leave_game":1,"minecraft:damage_dealt":187,"minecraft:play_one_minute":4345,"minecraft:deaths":2,"minecraft:damage_taken":275,"minecraft:sprint_one_cm":14223,"minecraft:walk_on_water_one_cm":2128,"minecraft:time_since_death":67,"minecraft:walk_one_cm":3242,"minecraft:walk_under_water_one_cm":417,"minecraft:mob_kills":2,"minecraft:fall_one_cm":2963,"minecraft:fly_one_cm":10670}},"DataVersion":2586}