{"stats":{"minecraft:picked_up":{"born_in_chaos_v1:monster_skin":1,"minecraft:bone":2},"minecraft:killed_by":{"ttigraas:otherworlder":1},"minecraft:custom":{"minecraft:jump":127,"minecraft:time_since_rest":2059,"minecraft:damage_dealt":187,"minecraft:damage_taken":275,"minecraft:play_one_minute":6302,"minecraft:leave_game":2,"minecraft:time_since_death":2024,"minecraft:sprint_one_cm":16647,"minecraft:walk_one_cm":3579,"minecraft:walk_on_water_one_cm":2128,"minecraft:deaths":2,"minecraft:climb_one_cm":144,"minecraft:walk_under_water_one_cm":417,"minecraft:mob_kills":2,"minecraft:fall_one_cm":3415,"minecraft:fly_one_cm":18576},"minecraft:killed":{"born_in_chaos_v1:dread_hound":1}},"DataVersion":2586}