{"stats":{"minecraft:picked_up":{"futurepack:color_iron_stair_purple":1,"minecraft:oak_log":1,"evilcraft:flesh_humanoid":2,"iceandfire:ectoplasm":1,"mana-and-artifice:guide_book":2,"minecraft:dirt":1,"futurepack:block_crystal_neon":2,"minecraft:bow":1,"minecraft:wheat_seeds":2,"iceandfire:ice_dragon_heart":1,"ttigraas:hard_leather":2,"iceandfire:dragonbone":5,"minecraft:sweet_berries":2,"iceandfire:dragonscales_sapphire":23,"minecraft:spruce_sapling":2,"iceandfire:dragon_skull_ice":1,"ttigraas:race_reroll_scroll":1,"minecraft:coal_ore":8,"iceandfire:ice_dragon_flesh":5,"minecraft:emerald":2,"minecraft:oak_sapling":2,"minecraft:snowball":6},"minecraft:killed_by":{"minecraft:player":5,"born_in_chaos_v1:restless_spirit":2,"minecraft:skeleton":5,"minecraft:creeper":3,"ttigraas:special_otherworlder":9,"born_in_chaos_v1:dark_vortex":1,"ttigraas:sissie":1,"born_in_chaos_v1:baby_skeleton":1,"iceandfire:ghost":2,"born_in_chaos_v1:wither_strider":2,"born_in_chaos_v1:baby_skkl":2,"ttigraas:direwolf":1,"ttigraas:hinata_sakaguchi":2,"born_in_chaos_v1:dread_hound":2,"ttigraas:direwolf_boss":3},"minecraft:mined":{"minecraft:tall_grass":1,"minecraft:spruce_leaves":2,"minecraft:grass":1,"minecraft:fern":1},"minecraft:used":{"minecraft:diorite":2,"astralsorcery:marble_chiseled":1,"futurepack:color_iron_stair_purple":1,"minecraft:oak_planks":2,"minecraft:sandstone":1,"minecraft:spruce_planks":10,"minecraft:stone":19,"astralsorcery:marble_bricks":10,"minecraft:spruce_leaves":8,"minecraft:dirt":2,"futurepack:block_crystal_neon":2,"astralsorcery:marble_raw":10,"ttigraas:race_reroll_scroll":1,"minecraft:granite":1,"minecraft:snowball":6,"minecraft:oak_log":1,"minecraft:grass_block":25,"minecraft:stone_slab":2,"minecraft:spruce_sapling":2,"minecraft:stone_bricks":1,"minecraft:magma_block":1,"minecraft:snow":4,"minecraft:sweet_berries":2,"minecraft:glass_pane":1,"minecraft:air":1,"minecraft:large_fern":1},"minecraft:dropped":{"minecraft:wheat_seeds":2,"minecraft:oak_log":5,"minecraft:grass_block":4,"mana-and-artifice:guide_book":2,"minecraft:dirt":2,"minecraft:large_fern":1,"minecraft:oak_sapling":2},"minecraft:crafted":{"minecraft:oak_planks":4,"minecraft:crafting_table":1,"minecraft:spruce_planks":60},"minecraft:custom":{"minecraft:interact_with_furnace":1,"lootr:looted_stat":7,"minecraft:mob_kills":9,"minecraft:play_one_minute":87757,"minecraft:leave_game":11,"minecraft:time_since_death":169,"minecraft:climb_one_cm":2012,"minecraft:time_since_rest":195,"minecraft:sprint_one_cm":247904,"minecraft:damage_taken":6696,"minecraft:walk_one_cm":203928,"minecraft:drop":9,"minecraft:damage_dealt":119,"minecraft:swim_one_cm":2885,"minecraft:fly_one_cm":225753,"minecraft:player_kills":3,"minecraft:crouch_one_cm":2920,"minecraft:deaths":49,"minecraft:sneak_time":1151,"minecraft:walk_under_water_one_cm":3178,"minecraft:jump":1054,"minecraft:interact_with_blast_furnace":2,"minecraft:walk_on_water_one_cm":10491,"minecraft:fall_one_cm":53041}},"DataVersion":2586}