{"stats":{"minecraft:picked_up":{"iceandfire:dragonbone":5,"futurepack:color_iron_stair_purple":1,"minecraft:sweet_berries":2,"iceandfire:dragonscales_sapphire":23,"evilcraft:flesh_humanoid":2,"minecraft:spruce_sapling":2,"iceandfire:ectoplasm":1,"minecraft:dirt":1,"iceandfire:dragon_skull_ice":1,"ttigraas:race_reroll_scroll":1,"futurepack:block_crystal_neon":2,"minecraft:coal_ore":8,"iceandfire:ice_dragon_flesh":5,"minecraft:emerald":1,"minecraft:snowball":6,"iceandfire:ice_dragon_heart":1,"ttigraas:hard_leather":2},"minecraft:killed_by":{"born_in_chaos_v1:dark_vortex":1,"iceandfire:ghost":2,"born_in_chaos_v1:wither_strider":2,"born_in_chaos_v1:baby_skkl":2,"minecraft:player":2,"born_in_chaos_v1:restless_spirit":1,"ttigraas:direwolf":1,"born_in_chaos_v1:dread_hound":2,"minecraft:skeleton":4,"minecraft:creeper":3,"ttigraas:direwolf_boss":3,"ttigraas:special_otherworlder":9},"minecraft:mined":{"minecraft:spruce_leaves":2},"minecraft:used":{"minecraft:diorite":2,"futurepack:color_iron_stair_purple":1,"minecraft:spruce_planks":6,"minecraft:stone":11,"minecraft:spruce_sapling":2,"astralsorcery:marble_bricks":10,"minecraft:spruce_leaves":8,"minecraft:dirt":1,"minecraft:snow":4,"minecraft:sweet_berries":2,"futurepack:block_crystal_neon":2,"ttigraas:race_reroll_scroll":1,"minecraft:air":1,"minecraft:granite":1,"minecraft:snowball":6,"minecraft:large_fern":1},"minecraft:crafted":{"minecraft:crafting_table":1,"minecraft:spruce_planks":36},"minecraft:custom":{"minecraft:time_since_rest":4364,"lootr:looted_stat":3,"minecraft:sprint_one_cm":208486,"minecraft:damage_taken":4581,"minecraft:walk_one_cm":116112,"minecraft:mob_kills":8,"minecraft:damage_dealt":53,"minecraft:swim_one_cm":350,"minecraft:fly_one_cm":175145,"minecraft:player_kills":1,"minecraft:crouch_one_cm":1826,"minecraft:play_one_minute":56826,"minecraft:deaths":34,"minecraft:sneak_time":391,"minecraft:walk_under_water_one_cm":1894,"minecraft:jump":765,"minecraft:leave_game":5,"minecraft:walk_on_water_one_cm":6423,"minecraft:time_since_death":4336,"minecraft:climb_one_cm":2012,"minecraft:fall_one_cm":38409}},"DataVersion":2586}