{"stats":{"minecraft:mined":{"minecraft:spruce_leaves":2},"minecraft:picked_up":{"evilcraft:flesh_humanoid":1},"minecraft:killed_by":{"born_in_chaos_v1:dread_hound":1},"minecraft:used":{"minecraft:air":1},"minecraft:custom":{"minecraft:jump":93,"minecraft:time_since_rest":4185,"minecraft:walk_one_cm":11317,"minecraft:damage_taken":165,"minecraft:leave_game":4,"minecraft:play_one_minute":12115,"minecraft:time_since_death":4158,"minecraft:sprint_one_cm":24921,"minecraft:walk_on_water_one_cm":96,"minecraft:deaths":1,"minecraft:climb_one_cm":616,"minecraft:fly_one_cm":23776}},"DataVersion":2586}