{"stats":{"minecraft:mined":{"minecraft:spruce_leaves":2},"minecraft:picked_up":{"ttigraas:race_reroll_scroll":1,"evilcraft:flesh_humanoid":1},"minecraft:killed_by":{"born_in_chaos_v1:dread_hound":1,"minecraft:player":2},"minecraft:used":{"ttigraas:race_reroll_scroll":1,"minecraft:air":1},"minecraft:custom":{"minecraft:jump":122,"minecraft:damage_dealt":21,"minecraft:time_since_rest":188,"minecraft:damage_taken":224,"minecraft:walk_one_cm":46455,"minecraft:leave_game":5,"minecraft:play_one_minute":25802,"minecraft:time_since_death":162,"minecraft:sprint_one_cm":25386,"minecraft:walk_on_water_one_cm":96,"minecraft:deaths":3,"minecraft:sneak_time":3,"minecraft:climb_one_cm":1246,"minecraft:fall_one_cm":508,"minecraft:fly_one_cm":24674,"minecraft:player_kills":1}},"DataVersion":2586}