{"stats":{"minecraft:mined":{"minecraft:spruce_leaves":2},"minecraft:crafted":{"minecraft:crafting_table":1,"minecraft:spruce_planks":36},"minecraft:picked_up":{"ttigraas:race_reroll_scroll":1,"minecraft:sweet_berries":2,"evilcraft:flesh_humanoid":1},"minecraft:killed_by":{"born_in_chaos_v1:dark_vortex":1,"minecraft:skeleton":4,"born_in_chaos_v1:dread_hound":1,"minecraft:creeper":2,"minecraft:player":2},"minecraft:used":{"minecraft:sweet_berries":2,"ttigraas:race_reroll_scroll":1,"minecraft:air":1},"minecraft:custom":{"minecraft:time_since_rest":493,"minecraft:crouch_one_cm":1129,"minecraft:play_one_minute":34881,"minecraft:sprint_one_cm":87502,"minecraft:deaths":11,"minecraft:damage_taken":699,"minecraft:walk_one_cm":67879,"minecraft:sneak_time":180,"minecraft:walk_under_water_one_cm":389,"minecraft:mob_kills":2,"minecraft:jump":325,"minecraft:damage_dealt":32,"minecraft:leave_game":5,"minecraft:walk_on_water_one_cm":916,"minecraft:time_since_death":466,"minecraft:climb_one_cm":2012,"minecraft:fall_one_cm":11180,"minecraft:fly_one_cm":74896,"minecraft:player_kills":1}},"DataVersion":2586}