{"stats":{"minecraft:picked_up":{"iceandfire:dragonbone":5,"futurepack:color_iron_stair_purple":1,"minecraft:sweet_berries":2,"iceandfire:dragonscales_sapphire":23,"minecraft:oak_log":1,"evilcraft:flesh_humanoid":2,"minecraft:spruce_sapling":2,"iceandfire:ectoplasm":1,"minecraft:dirt":1,"iceandfire:dragon_skull_ice":1,"ttigraas:race_reroll_scroll":1,"futurepack:block_crystal_neon":2,"minecraft:coal_ore":8,"iceandfire:ice_dragon_flesh":5,"minecraft:emerald":1,"minecraft:oak_sapling":2,"minecraft:snowball":6,"iceandfire:ice_dragon_heart":1,"ttigraas:hard_leather":2},"minecraft:killed_by":{"born_in_chaos_v1:dark_vortex":1,"iceandfire:ghost":2,"born_in_chaos_v1:wither_strider":2,"born_in_chaos_v1:baby_skkl":2,"minecraft:player":3,"born_in_chaos_v1:restless_spirit":2,"ttigraas:direwolf":1,"ttigraas:hinata_sakaguchi":1,"born_in_chaos_v1:dread_hound":2,"minecraft:skeleton":4,"minecraft:creeper":3,"ttigraas:direwolf_boss":3,"ttigraas:special_otherworlder":9},"minecraft:mined":{"minecraft:spruce_leaves":2},"minecraft:used":{"minecraft:diorite":2,"astralsorcery:marble_chiseled":1,"futurepack:color_iron_stair_purple":1,"minecraft:spruce_planks":6,"minecraft:stone":11,"minecraft:spruce_sapling":2,"astralsorcery:marble_bricks":10,"minecraft:spruce_leaves":8,"minecraft:dirt":1,"minecraft:snow":4,"minecraft:sweet_berries":2,"astralsorcery:marble_raw":10,"futurepack:block_crystal_neon":2,"ttigraas:race_reroll_scroll":1,"minecraft:air":1,"minecraft:granite":1,"minecraft:snowball":6,"minecraft:large_fern":1},"minecraft:dropped":{"minecraft:oak_log":5,"minecraft:oak_sapling":2},"minecraft:crafted":{"minecraft:crafting_table":1,"minecraft:spruce_planks":36},"minecraft:custom":{"minecraft:time_since_rest":4032,"minecraft:interact_with_furnace":1,"lootr:looted_stat":7,"minecraft:sprint_one_cm":212563,"minecraft:damage_taken":5161,"minecraft:walk_one_cm":150667,"minecraft:mob_kills":8,"minecraft:drop":2,"minecraft:damage_dealt":103,"minecraft:swim_one_cm":350,"minecraft:fly_one_cm":181337,"minecraft:player_kills":2,"minecraft:play_one_minute":70565,"minecraft:crouch_one_cm":1852,"minecraft:deaths":37,"minecraft:sneak_time":518,"minecraft:walk_under_water_one_cm":2117,"minecraft:jump":851,"minecraft:interact_with_blast_furnace":2,"minecraft:leave_game":8,"minecraft:time_since_death":3993,"minecraft:walk_on_water_one_cm":8785,"minecraft:climb_one_cm":2012,"minecraft:fall_one_cm":41021}},"DataVersion":2586}