{"stats":{"minecraft:picked_up":{"iceandfire:dragonbone":5,"futurepack:color_iron_stair_purple":1,"minecraft:sweet_berries":2,"iceandfire:dragonscales_sapphire":23,"evilcraft:flesh_humanoid":1,"minecraft:spruce_sapling":2,"minecraft:dirt":1,"iceandfire:dragon_skull_ice":1,"ttigraas:race_reroll_scroll":1,"futurepack:block_crystal_neon":2,"iceandfire:ice_dragon_flesh":5,"minecraft:emerald":1,"minecraft:snowball":6,"iceandfire:ice_dragon_heart":1,"ttigraas:hard_leather":1},"minecraft:killed_by":{"born_in_chaos_v1:dark_vortex":1,"born_in_chaos_v1:baby_skkl":1,"minecraft:player":2,"ttigraas:direwolf":1,"born_in_chaos_v1:dread_hound":1,"minecraft:skeleton":4,"minecraft:creeper":3,"ttigraas:direwolf_boss":1,"ttigraas:special_otherworlder":4},"minecraft:mined":{"minecraft:spruce_leaves":2},"minecraft:used":{"minecraft:diorite":2,"futurepack:color_iron_stair_purple":1,"minecraft:stone":11,"minecraft:spruce_sapling":2,"minecraft:spruce_leaves":6,"minecraft:dirt":1,"minecraft:snow":2,"minecraft:sweet_berries":2,"futurepack:block_crystal_neon":2,"ttigraas:race_reroll_scroll":1,"minecraft:air":1,"minecraft:granite":1,"minecraft:snowball":6,"minecraft:large_fern":1},"minecraft:crafted":{"minecraft:crafting_table":1,"minecraft:spruce_planks":36},"minecraft:custom":{"minecraft:time_since_rest":509,"minecraft:sprint_one_cm":137515,"minecraft:damage_taken":2381,"minecraft:walk_one_cm":82561,"minecraft:mob_kills":4,"minecraft:damage_dealt":40,"minecraft:fly_one_cm":102440,"minecraft:player_kills":1,"minecraft:crouch_one_cm":1469,"minecraft:play_one_minute":44826,"minecraft:deaths":20,"minecraft:sneak_time":280,"minecraft:walk_under_water_one_cm":1356,"minecraft:jump":495,"minecraft:leave_game":5,"minecraft:walk_on_water_one_cm":3079,"minecraft:time_since_death":486,"minecraft:climb_one_cm":2012,"minecraft:fall_one_cm":18262}},"DataVersion":2586}