{"stats":{"minecraft:used":{"minecraft:mossy_stone_bricks":1,"minecraft:diorite":25,"minecraft:stone_sword":131,"minecraft:cobblestone_stairs":2,"minecraft:stone_pickaxe":27,"minecraft:oak_planks":8,"minecraft:smooth_sandstone_slab":16,"minecraft:wooden_pickaxe":11,"minecraft:shield":2,"minecraft:green_bed":1,"minecraft:stone_hoe":42,"minecraft:cracked_stone_bricks":14,"minecraft:torch":23,"minecraft:sand":10,"minecraft:crafting_table":4,"minecraft:oak_log":20,"minecraft:apple":2,"minecraft:chiseled_sandstone":1,"minecraft:smooth_sandstone":14,"minecraft:iron_axe":32,"minecraft:iron_pickaxe":133,"born_in_chaos_v1:gnawed_bones":3,"minecraft:stone_brick_stairs":4,"minecraft:stone_bricks":15,"minecraft:stone_axe":61,"minecraft:cobblestone":26,"minecraft:sweet_berries":4,"minecraft:written_book":1,"minecraft:cooked_porkchop":4,"minecraft:sandstone_slab":2,"minecraft:pumpkin_pie":4,"minecraft:air":2},"minecraft:dropped":{"minecraft:rotten_flesh":1,"evilcraft:flesh_humanoid":2,"minecraft:poppy":2,"minecraft:oak_sapling":14},"minecraft:crafted":{"minecraft:cookie":36,"minecraft:oak_planks":48,"iceandfire:deathworm_yellow_boots":1,"minecraft:emerald":19,"minecraft:cooked_porkchop":4,"minecraft:crafting_table":2,"minecraft:wooden_pickaxe":1,"minecraft:stone_axe":1,"minecraft:air":0,"minecraft:shield":1,"minecraft:iron_axe":1,"minecraft:stick":20,"minecraft:stone_pickaxe":1,"minecraft:iron_pickaxe":1,"minecraft:stone_sword":1,"minecraft:pumpkin_pie":48,"minecraft:torch":16,"minecraft:stone_hoe":1,"minecraft:wheat":378},"minecraft:mined":{"minecraft:sandstone_slab":3,"minecraft:cobblestone_stairs":3,"futurepack:ore_bauxite":2,"minecraft:smooth_sandstone":14,"minecraft:crafting_table":2,"minecraft:torch":3,"minecraft:grass_block":2,"minecraft:dead_bush":1,"minecraft:tall_grass":2,"minecraft:cobblestone":6,"minecraft:oak_planks":4,"born_in_chaos_v1:gnawed_bones":3,"minecraft:diorite":25,"minecraft:smooth_sandstone_slab":26,"minecraft:wall_torch":2,"minecraft:hay_block":42,"minecraft:chiseled_sandstone":1,"minecraft:wheat":2,"minecraft:sweet_berry_bush":2,"minecraft:stone_brick_stairs":5,"minecraft:grass":2,"minecraft:oak_log":23,"minecraft:coal_ore":12,"minecraft:sand":1,"minecraft:dirt":6,"minecraft:cracked_stone_bricks":14,"minecraft:stone":33,"minecraft:stone_bricks":16,"minecraft:mossy_stone_bricks":1,"minecraft:green_bed":1},"minecraft:broken":{"minecraft:stone_sword":1,"minecraft:stone_axe":1},"minecraft:custom":{"minecraft:interact_with_furnace":3,"lootr:looted_stat":4,"minecraft:mob_kills":79,"minecraft:traded_with_villager":33,"minecraft:interact_with_crafting_table":9,"minecraft:play_one_minute":81818,"minecraft:damage_dealt_resisted":304,"minecraft:leave_game":3,"minecraft:time_since_death":31520,"minecraft:sleep_in_bed":2,"minecraft:climb_one_cm":175,"minecraft:time_since_rest":31560,"minecraft:waystone_activated":1,"minecraft:sprint_one_cm":156274,"minecraft:damage_taken":6193,"minecraft:walk_one_cm":199348,"minecraft:damage_blocked_by_shield":200,"minecraft:drop":6,"minecraft:damage_dealt":15739,"minecraft:damage_dealt_absorbed":120,"minecraft:swim_one_cm":583,"minecraft:fly_one_cm":276963,"minecraft:talked_to_villager":10,"minecraft:crouch_one_cm":15431,"minecraft:deaths":15,"minecraft:sneak_time":9868,"minecraft:walk_under_water_one_cm":285,"minecraft:jump":1097,"minecraft:walk_on_water_one_cm":438,"minecraft:interact_with_smoker":4,"minecraft:fall_one_cm":36268},"minecraft:killed":{"minecraft:husk":60,"alexsmobs:guster":3,"minecraft:pig":2,"alexsmobs:tarantula_hawk":1,"minecraft:iron_golem":2,"minecraft:skeleton":1,"minecraft:zombie":1,"born_in_chaos_v1:dread_hound_n":1,"iceandfire:deathworm":1,"ttigraas:barghest":1},"minecraft:picked_up":{"minecraft:crafting_table":2,"minecraft:wheat":2,"minecraft:sandstone_slab":3,"minecraft:leather_leggings":1,"minecraft:stone_brick_stairs":5,"minecraft:oak_log":20,"evilcraft:flesh_humanoid":4,"minecraft:cobblestone_stairs":2,"minecraft:dirt":8,"born_in_chaos_v1:monster_skin":1,"minecraft:smooth_sandstone":14,"minecraft:bone":2,"minecraft:apple":2,"minecraft:stone_bricks":15,"minecraft:cracked_stone_bricks":14,"minecraft:wheat_seeds":4,"minecraft:iron_ingot":7,"born_in_chaos_v1:gnawed_bones":3,"minecraft:poppy":2,"minecraft:mossy_stone_bricks":1,"mana-and-artifice:thaumaturgic_link":1,"minecraft:oak_planks":4,"minecraft:stick":4,"minecraft:sweet_berries":4,"minecraft:torch":8,"minecraft:green_bed":1,"minecraft:porkchop":4,"minecraft:sand":13,"minecraft:diorite":25,"minecraft:chiseled_sandstone":1,"minecraft:leather_helmet":1,"minecraft:smooth_sandstone_slab":27,"minecraft:husk_spawn_egg":2,"minecraft:arrow":2,"minecraft:rotten_flesh":50,"futurepack:ore_bauxite":2,"iceandfire:deathworm_chitin_yellow":4,"minecraft:hay_block":42,"minecraft:oak_sapling":14,"minecraft:coal":12,"minecraft:cobblestone":39},"minecraft:killed_by":{"born_in_chaos_v1:decaying_zombie":2,"ttigraas:black_spider":1,"born_in_chaos_v1:dread_hound_n":1,"ttigraas:barghest":6,"ttigraas:tempest_serpent":1,"born_in_chaos_v1:dread_hound":1,"iceandfire:fire_dragon":1}},"DataVersion":2586}