{"stats":{"minecraft:used":{"ttigraas:skill_reroll_scroll":1,"minecraft:trident":1,"minecraft:stone_pickaxe":25,"minecraft:wooden_pickaxe":16,"minecraft:stone_hoe":68,"minecraft:rotten_flesh":1,"minecraft:dirt":24,"minecraft:crafting_table":4,"astralsorcery:marble_raw":1,"waystones:waystone":1,"mana-and-artifice:runescribing_table":1,"minecraft:iron_pickaxe":5,"minecraft:magma_block":1,"minecraft:purple_bed":1,"minecraft:oak_sapling":1,"minecraft:egg":1},"minecraft:crafted":{"minecraft:oak_planks":68,"minecraft:crafting_table":4,"minecraft:wooden_pickaxe":2,"minecraft:bread":180,"minecraft:stick":8,"minecraft:iron_pickaxe":1,"minecraft:stone_pickaxe":1,"minecraft:stone_hoe":1,"minecraft:wheat":540},"minecraft:dropped":{"mana-and-artifice:vinteum_dust":2,"minecraft:iron_ingot":8,"minecraft:wheat_seeds":2,"alexsmobs:animal_dictionary":1,"futurepack:fragment_ram":2,"futurepack:toasted_ram":1,"astralsorcery:marble_raw":1,"minecraft:cobblestone":1,"futurepack:toasted_core":1,"alexsmobs:ancient_dart":1,"minecraft:granite":1,"minecraft:stone_slab":1,"futurepack:spawn_note":1,"futurepack:sand_alutin":4,"mana-and-artifice:wand":1,"mana-and-artifice:staff_c":2,"futurepack:composite_metal":64,"minecraft:emerald":1,"minecraft:dirt":1,"futurepack:grenade_empty":1,"mana-and-artifice:runescribing_table":1,"futurepack:block_crystal_alutin":2,"minecraft:oak_sapling":3,"futurepack:toasted_chip":1,"mana-and-artifice:brazier":2,"minecraft:wooden_pickaxe":3,"minecraft:stone_pickaxe":1,"mana-and-artifice:runeforge":2,"minecraft:nautilus_shell":1,"futurepack:escanner":1,"minecraft:written_book":4,"minecraft:bone":2},"minecraft:mined":{"minecraft:granite":1,"futurepack:sand_alutin":2,"minecraft:grass_block":10,"mana-and-artifice:runescribing_table":2,"minecraft:stone_slab":1,"minecraft:tall_grass":4,"mana-and-artifice:brazier":2,"minecraft:hay_block":68,"minecraft:purple_bed":1,"mana-and-artifice:runeforge":1,"minecraft:magma_block":1,"futurepack:block_crystal_alutin":2,"minecraft:grass_path":3,"astralsorcery:marble_raw":2,"minecraft:grass":14,"minecraft:oak_log":17,"minecraft:coal_ore":3,"minecraft:dirt":17,"minecraft:stone":6,"minecraft:iron_trapdoor":1},"minecraft:custom":{"minecraft:interact_with_furnace":1,"lootr:looted_stat":23,"minecraft:mob_kills":5,"minecraft:interact_with_crafting_table":7,"minecraft:play_one_minute":123821,"minecraft:leave_game":4,"minecraft:time_since_death":24171,"minecraft:sleep_in_bed":2,"minecraft:climb_one_cm":8385,"minecraft:time_since_rest":18757,"minecraft:waystone_activated":2,"minecraft:sprint_one_cm":119074,"minecraft:damage_taken":6424,"minecraft:walk_one_cm":135678,"minecraft:drop":44,"minecraft:damage_dealt":851,"minecraft:swim_one_cm":9013,"minecraft:talked_to_villager":2,"minecraft:fly_one_cm":1023036,"minecraft:open_chest":8,"minecraft:crouch_one_cm":3731,"minecraft:deaths":5,"minecraft:sneak_time":4974,"minecraft:walk_under_water_one_cm":46310,"minecraft:jump":768,"minecraft:walk_on_water_one_cm":8771,"minecraft:fall_one_cm":32208,"minecraft:horse_one_cm":60310},"minecraft:killed":{"minecraft:zombie":1,"minecraft:cow":4},"minecraft:picked_up":{"minecraft:magma_block":1,"minecraft:iron_trapdoor":1,"minecraft:leather":2,"minecraft:stone_slab":1,"minecraft:wooden_pickaxe":1,"minecraft:oak_log":17,"mana-and-artifice:brazier":2,"minecraft:dirt":25,"futurepack:sand_alutin":8,"minecraft:bone":2,"mana-and-artifice:staff_c":1,"minecraft:diamond_leggings":2,"minecraft:wheat_seeds":2,"minecraft:beef":11,"ttigraas:skill_reroll_scroll":1,"minecraft:written_book":2,"mana-and-artifice:runeforge":2,"astralsorcery:marble_raw":2,"minecraft:egg":1,"minecraft:stick":4,"futurepack:block_crystal_alutin":2,"minecraft:purple_bed":1,"minecraft:rotten_flesh":2,"waystones:waystone":1,"minecraft:hay_block":60,"minecraft:granite":1,"futurepack:ore_zinc":1,"minecraft:oak_sapling":4,"mana-and-artifice:runescribing_table":2,"relics:chorus_inhibitor":1,"minecraft:coal":3,"minecraft:cobblestone":6},"minecraft:killed_by":{"born_in_chaos_v1:decaying_zombie":1,"born_in_chaos_v1:restless_spirit":1}},"DataVersion":2586}