{"stats":{"minecraft:picked_up":{"ttigraas:race_reroll_scroll":1},"minecraft:used":{"ttigraas:race_reroll_scroll":1,"minecraft:written_book":1},"minecraft:custom":{"minecraft:jump":78,"minecraft:time_since_rest":15639,"minecraft:crouch_one_cm":59,"minecraft:damage_dealt":44,"minecraft:damage_taken":300,"minecraft:play_one_minute":20959,"minecraft:leave_game":2,"minecraft:time_since_death":15608,"minecraft:sprint_one_cm":7552,"minecraft:walk_one_cm":19576,"minecraft:walk_on_water_one_cm":1066,"minecraft:deaths":3,"minecraft:sneak_time":12,"minecraft:damage_resisted":60,"minecraft:climb_one_cm":371,"minecraft:walk_under_water_one_cm":533,"minecraft:fall_one_cm":2690,"minecraft:fly_one_cm":14387}},"DataVersion":2586}