{"stats":{"minecraft:mined":{"minecraft:grass":2,"minecraft:tall_grass":1},"minecraft:killed":{"minecraft:spider":1},"minecraft:picked_up":{"ttigraas:race_reroll_scroll":1,"minecraft:wheat_seeds":2,"minecraft:string":1},"minecraft:killed_by":{"minecraft:spider":1,"minecraft:player":1},"minecraft:used":{"minecraft:written_book":1,"minecraft:bread":1,"ttigraas:race_reroll_scroll":1},"minecraft:dropped":{"minecraft:wheat_seeds":1},"minecraft:custom":{"minecraft:time_since_rest":159,"lootr:looted_stat":1,"minecraft:play_one_minute":26682,"minecraft:crouch_one_cm":70,"minecraft:sprint_one_cm":19385,"minecraft:deaths":5,"minecraft:damage_taken":718,"minecraft:walk_one_cm":32495,"minecraft:sneak_time":35,"minecraft:walk_under_water_one_cm":533,"minecraft:mob_kills":1,"minecraft:drop":1,"minecraft:jump":171,"minecraft:damage_dealt":299,"minecraft:leave_game":3,"minecraft:walk_on_water_one_cm":1543,"minecraft:time_since_death":0,"minecraft:climb_one_cm":1914,"minecraft:damage_resisted":60,"minecraft:fall_one_cm":4152,"minecraft:fly_one_cm":28172,"minecraft:player_kills":2}},"DataVersion":2586}