{"stats":{"minecraft:used":{"minecraft:written_book":1},"minecraft:custom":{"minecraft:jump":45,"minecraft:time_since_rest":3877,"minecraft:damage_taken":250,"minecraft:play_one_minute":9197,"minecraft:leave_game":2,"minecraft:time_since_death":3846,"minecraft:sprint_one_cm":5985,"minecraft:walk_one_cm":2756,"minecraft:walk_on_water_one_cm":740,"minecraft:deaths":3,"minecraft:climb_one_cm":275,"minecraft:walk_under_water_one_cm":533,"minecraft:fall_one_cm":1171,"minecraft:fly_one_cm":11703}},"DataVersion":2586}