{"stats":{"minecraft:killed_by":{"minecraft:pillager":1},"minecraft:used":{"minecraft:bread":1,"alexsmobs:animal_dictionary":1,"minecraft:written_book":2},"minecraft:custom":{"minecraft:jump":138,"minecraft:time_since_rest":9127,"minecraft:damage_dealt":10,"minecraft:damage_taken":340,"minecraft:play_one_minute":18064,"minecraft:crouch_one_cm":704,"minecraft:leave_game":3,"lootr:looted_stat":1,"minecraft:sprint_one_cm":13192,"minecraft:time_since_death":9101,"minecraft:walk_one_cm":16149,"minecraft:deaths":3,"minecraft:sneak_time":266,"minecraft:climb_one_cm":36,"minecraft:damage_resisted":30,"minecraft:fall_one_cm":2357,"minecraft:fly_one_cm":30391}},"DataVersion":2586}