{"stats":{"minecraft:killed":{"born_in_chaos_v1:restless_spirit":1,"alexsmobs:raccoon":1,"minecraft:spider":1,"minecraft:skeleton":2,"born_in_chaos_v1:skeleton_bomb":1,"minecraft:squid":1,"born_in_chaos_v1:decrepit_skeleton":1,"minecraft:sheep":2,"minecraft:zombie":2,"born_in_chaos_v1:baby_skkl":1,"iceandfire:ice_dragon":1,"minecraft:cow":4,"mowziesmobs:naga":1},"minecraft:custom":{"lootr:looted_stat":22,"minecraft:mob_kills":22,"minecraft:interact_with_crafting_table":13,"minecraft:leave_game":3,"minecraft:time_since_death":284,"minecraft:climb_one_cm":2102,"minecraft:damage_resisted":315,"minecraft:sprint_one_cm":160992,"minecraft:walk_one_cm":191453,"minecraft:drop":46,"minecraft:deaths":18,"minecraft:sneak_time":3594,"minecraft:walk_under_water_one_cm":12899,"minecraft:jump":464,"minecraft:walk_on_water_one_cm":11636,"minecraft:interact_with_furnace":1,"minecraft:play_one_minute":147851,"minecraft:time_since_rest":325,"minecraft:waystone_activated":1,"minecraft:damage_taken":8100,"minecraft:damage_dealt":5870,"minecraft:swim_one_cm":23598,"minecraft:fly_one_cm":411850,"minecraft:open_chest":31,"minecraft:crouch_one_cm":3049,"minecraft:fall_one_cm":38508,"minecraft:horse_one_cm":15670},"minecraft:broken":{"minecraft:stone_pickaxe":8},"minecraft:dropped":{"minecraft:oak_slab":8,"ttigraas:race_reroll_scroll":1,"iceandfire:frozen_dirt":3,"minecraft:observer":1,"iceandfire:ectoplasm":2,"futurepack:spawn_note":1,"mana-and-artifice:wand":1,"mana-and-artifice:staff_c":1,"minecraft:stick":3,"minecraft:cobweb":6,"born_in_chaos_v1:black_argillite":6,"minecraft:dispenser":1,"astralsorcery:marble_bricks":1,"minecraft:rotten_flesh":9,"iceandfire:frozen_stone":10,"evilcraft:flesh_humanoid":1,"ttigraas:skill_reroll_scroll":1,"minecraft:wooden_pickaxe":2,"minecraft:written_book":1,"minecraft:netherrack":276},"minecraft:crafted":{"minecraft:oak_planks":92,"minecraft:furnace":3,"minecraft:cobblestone_stairs":108,"astralsorcery:wand":1,"minecraft:stone_pickaxe":8,"minecraft:chest":9,"minecraft:crafting_table":2,"minecraft:wooden_pickaxe":1,"minecraft:stone_axe":1,"minecraft:stick":24,"minecraft:iron_pickaxe":1,"minecraft:stone_sword":1,"minecraft:torch":4},"minecraft:mined":{"futurepack:ore_copper":14,"minecraft:cobblestone_stairs":2,"futurepack:ore_bauxite":2,"futurepack:ore_tin":2,"minecraft:sea_lantern":1,"minecraft:granite":51,"minecraft:grass_block":3,"born_in_chaos_v1:black_argillite":2,"minecraft:redstone_ore":18,"minecraft:iron_ore":37,"minecraft:andesite":45,"futurepack:ore_zinc":4,"astralsorcery:marble_chiseled":1,"astralsorcery:marble_pillar":3,"minecraft:stone":772,"astralsorcery:marble_bricks":1,"minecraft:crafting_table":1,"minecraft:torch":8,"astralsorcery:rock_crystal_ore":1,"iceandfire:ghost_chest":1,"minecraft:tall_grass":2,"minecraft:lapis_ore":11,"minecraft:sugar_cane":13,"minecraft:diorite":25,"minecraft:seagrass":1,"astralsorcery:altar_discovery":1,"minecraft:spruce_log":41,"minecraft:wither_rose":1,"astralsorcery:marble_raw":45,"minecraft:grass":4,"minecraft:oak_log":24,"minecraft:coal_ore":67,"mana-and-artifice:vinteum_ore":17,"minecraft:gravel":22,"astralsorcery:aquamarine_sand_ore":9,"minecraft:netherrack":6,"minecraft:gold_ore":4},"minecraft:picked_up":{"minecraft:crafting_table":1,"astralsorcery:marble_pillar":2,"minecraft:wooden_pickaxe":1,"minecraft:wither_rose":1,"iceandfire:frozen_cobblestone":1,"mana-and-artifice:brazier":2,"born_in_chaos_v1:black_argillite":6,"iceandfire:frozen_stone":13,"minecraft:beef":3,"futurepack:ore_copper":14,"minecraft:observer":1,"futurepack:ore_tin":2,"mana-and-artifice:runeforge":1,"astralsorcery:marble_raw":45,"minecraft:sugar_cane":28,"iceandfire:ice_dragon_heart":1,"minecraft:egg":1,"iceandfire:dragonbone":7,"minecraft:stick":11,"iceandfire:ghost_chest":1,"astralsorcery:altar_discovery":1,"astralsorcery:rock_crystal":5,"minecraft:squid_spawn_egg":1,"mana-and-artifice:vinteum_dust":2,"minecraft:torch":9,"minecraft:diorite":25,"minecraft:redstone":80,"minecraft:prismarine_crystals":3,"mana-and-artifice:vinteum_ore":17,"iceandfire:dragon_skull_ice":1,"minecraft:arrow":1,"minecraft:rotten_flesh":9,"futurepack:ore_zinc":4,"minecraft:mutton":2,"minecraft:white_wool":2,"minecraft:cobblestone":772,"minecraft:andesite":43,"minecraft:leather":5,"minecraft:flint":3,"minecraft:oak_log":23,"evilcraft:flesh_humanoid":3,"iceandfire:ectoplasm":4,"astralsorcery:aquamarine":21,"minecraft:cobblestone_stairs":2,"iceandfire:dragonscales_blue":12,"minecraft:lapis_lazuli":66,"minecraft:dirt":2,"minecraft:bone":6,"mana-and-artifice:staff_c":1,"minecraft:wheat_seeds":1,"minecraft:iron_ingot":8,"minecraft:cobweb":6,"minecraft:iron_ore":37,"minecraft:oak_planks":4,"minecraft:oak_slab":8,"minecraft:gravel":49,"astralsorcery:marble_bricks":1,"minecraft:spruce_sapling":8,"minecraft:ink_sac":4,"mana-and-artifice:wand":1,"minecraft:spruce_log":41,"minecraft:gold_ore":4,"iceandfire:frozen_dirt":3,"astralsorcery:marble_chiseled":1,"minecraft:dispenser":1,"futurepack:ore_bauxite":2,"minecraft:granite":51,"iceandfire:ice_dragon_flesh":4,"mana-and-artifice:runescribing_table":1,"minecraft:oak_sapling":3,"minecraft:netherrack":353,"minecraft:coal":67},"minecraft:killed_by":{"born_in_chaos_v1:phantom_creeper_form":1,"minecraft:creeper":1,"born_in_chaos_v1:decaying_zombie":2,"born_in_chaos_v1:bonescaller":1,"iceandfire:ice_dragon":6,"minecraft:skeleton":1,"minecraft:zombie":1,"iceandfire:fire_dragon":1},"minecraft:used":{"minecraft:stone_sword":72,"minecraft:chest":9,"minecraft:netherrack":6,"minecraft:torch":9,"minecraft:dirt":1,"iceandfire:frozen_stone":2,"ttigraas:race_reroll_scroll":13,"minecraft:granite":3,"minecraft:dark_oak_planks":1,"minecraft:furnace":3,"mana-and-artifice:runeforge":1,"astralsorcery:altar_discovery":1,"torchmaster:megatorch":3,"mana-and-artifice:brazier":2,"ttigraas:skill_reroll_scroll":1,"minecraft:iron_ore":2,"minecraft:cobblestone_stairs":110,"minecraft:stone_pickaxe":1055,"minecraft:wooden_pickaxe":5,"minecraft:sugar_cane":19,"minecraft:crafting_table":3,"minecraft:squid_spawn_egg":1,"minecraft:spruce_log":41,"minecraft:oak_log":16,"mana-and-artifice:runescribing_table":1,"minecraft:bread":2,"minecraft:iron_pickaxe":81,"minecraft:stone_axe":10,"minecraft:cobblestone":3,"minecraft:air":1}},"DataVersion":2586}