{"stats":{"minecraft:crafted":{"minecraft:diamond_pickaxe":1,"minecraft:diamond_sword":1,"minecraft:diamond_chestplate":1},"minecraft:custom":{"minecraft:jump":15,"minecraft:leave_game":1,"minecraft:crouch_one_cm":70,"minecraft:play_one_minute":12566,"minecraft:sprint_one_cm":31,"minecraft:walk_one_cm":1661,"minecraft:damage_taken":90,"minecraft:time_since_death":11640,"minecraft:walk_on_water_one_cm":644,"minecraft:deaths":1,"minecraft:sneak_time":122,"minecraft:fall_one_cm":211,"minecraft:fly_one_cm":28883,"minecraft:interact_with_crafting_table":2,"minecraft:time_since_rest":11747},"minecraft:picked_up":{"minecraft:birch_log":4},"minecraft:mined":{"minecraft:birch_log":4},"minecraft:killed_by":{"minecraft:zombie":1},"minecraft:used":{"minecraft:crafting_table":1}},"DataVersion":2586}