{"stats":{"minecraft:mined":{"futurepack:ore_copper":14,"minecraft:cobblestone_stairs":2,"futurepack:ore_bauxite":2,"futurepack:ore_tin":2,"minecraft:sea_lantern":1,"minecraft:granite":51,"minecraft:grass_block":3,"born_in_chaos_v1:black_argillite":2,"minecraft:redstone_ore":18,"minecraft:iron_ore":37,"minecraft:andesite":45,"futurepack:ore_zinc":4,"astralsorcery:marble_chiseled":1,"astralsorcery:marble_pillar":3,"minecraft:stone":772,"astralsorcery:marble_bricks":1,"minecraft:crafting_table":1,"minecraft:torch":8,"astralsorcery:rock_crystal_ore":1,"iceandfire:ghost_chest":1,"minecraft:tall_grass":2,"minecraft:lapis_ore":11,"minecraft:sugar_cane":13,"minecraft:diorite":25,"minecraft:seagrass":1,"astralsorcery:altar_discovery":1,"minecraft:spruce_log":41,"minecraft:wither_rose":1,"astralsorcery:marble_raw":45,"minecraft:grass":4,"minecraft:oak_log":24,"minecraft:coal_ore":67,"mana-and-artifice:vinteum_ore":17,"minecraft:gravel":22,"astralsorcery:aquamarine_sand_ore":9,"minecraft:netherrack":6,"minecraft:gold_ore":4},"minecraft:broken":{"minecraft:stone_pickaxe":8},"minecraft:crafted":{"minecraft:oak_planks":92,"minecraft:furnace":3,"minecraft:cobblestone_stairs":108,"astralsorcery:wand":1,"minecraft:stone_pickaxe":10,"minecraft:chest":9,"minecraft:crafting_table":2,"minecraft:spruce_planks":8,"minecraft:wooden_pickaxe":1,"minecraft:stone_axe":1,"minecraft:stick":28,"minecraft:iron_pickaxe":1,"minecraft:stone_sword":1,"minecraft:torch":4},"minecraft:killed":{"born_in_chaos_v1:restless_spirit":2,"alexsmobs:raccoon":1,"minecraft:spider":1,"minecraft:skeleton":3,"minecraft:zombie_villager":1,"born_in_chaos_v1:skeleton_bomb":1,"minecraft:squid":1,"alexsmobs:crimson_mosquito":1,"born_in_chaos_v1:decrepit_skeleton":1,"minecraft:sheep":2,"minecraft:zombie":3,"born_in_chaos_v1:baby_skkl":1,"iceandfire:ice_dragon":1,"minecraft:cow":4,"mowziesmobs:naga":1},"minecraft:picked_up":{"minecraft:crafting_table":1,"astralsorcery:marble_pillar":2,"minecraft:wooden_pickaxe":1,"minecraft:wither_rose":1,"minecraft:enchanted_book":1,"iceandfire:frozen_cobblestone":1,"minecraft:chain":1,"mana-and-artifice:brazier":2,"born_in_chaos_v1:black_argillite":6,"iceandfire:frozen_stone":13,"alexsmobs:blood_sac":1,"minecraft:beef":3,"futurepack:ore_copper":14,"minecraft:observer":1,"futurepack:ore_tin":2,"mana-and-artifice:runeforge":1,"astralsorcery:marble_raw":45,"minecraft:sugar_cane":28,"iceandfire:ice_dragon_heart":1,"minecraft:egg":1,"minecraft:stick":11,"iceandfire:dragonbone":7,"iceandfire:ghost_chest":1,"astralsorcery:altar_discovery":1,"mana-and-artifice:vinteum_dust":2,"astralsorcery:rock_crystal":5,"minecraft:squid_spawn_egg":1,"minecraft:torch":9,"minecraft:diorite":25,"minecraft:redstone":80,"minecraft:prismarine_crystals":3,"mana-and-artifice:vinteum_ore":17,"iceandfire:dragon_skull_ice":1,"minecraft:arrow":3,"minecraft:rotten_flesh":15,"futurepack:ore_zinc":4,"minecraft:mutton":2,"minecraft:white_wool":2,"minecraft:cobblestone":810,"minecraft:andesite":43,"minecraft:leather":5,"minecraft:flint":3,"minecraft:oak_log":23,"evilcraft:flesh_humanoid":5,"iceandfire:ectoplasm":4,"astralsorcery:aquamarine":21,"minecraft:cobblestone_stairs":2,"iceandfire:dragonscales_blue":12,"minecraft:lapis_lazuli":66,"minecraft:dirt":2,"mana-and-artifice:staff_c":1,"minecraft:bone":8,"minecraft:wheat_seeds":1,"minecraft:iron_ingot":8,"minecraft:cobweb":6,"minecraft:iron_ore":37,"minecraft:oak_planks":4,"minecraft:oak_slab":8,"minecraft:gravel":60,"astralsorcery:marble_bricks":1,"minecraft:spruce_sapling":8,"mana-and-artifice:wand":1,"minecraft:ink_sac":4,"minecraft:spruce_log":41,"minecraft:gold_ore":4,"iceandfire:frozen_dirt":3,"astralsorcery:marble_chiseled":1,"minecraft:dispenser":1,"futurepack:ore_bauxite":2,"minecraft:granite":51,"iceandfire:ice_dragon_flesh":4,"minecraft:oak_sapling":3,"mana-and-artifice:runescribing_table":1,"minecraft:netherrack":355,"minecraft:coal":67},"minecraft:killed_by":{"alexsmobs:bone_serpent":1,"minecraft:zombie_villager":1,"minecraft:player":1,"born_in_chaos_v1:phantom_creeper_form":1,"minecraft:creeper":1,"born_in_chaos_v1:decaying_zombie":2,"born_in_chaos_v1:bonescaller":1,"iceandfire:ice_dragon":6,"minecraft:skeleton":1,"minecraft:zombie":2,"iceandfire:fire_dragon":1},"minecraft:used":{"minecraft:stone_sword":84,"minecraft:chest":9,"minecraft:netherrack":6,"minecraft:torch":9,"minecraft:dirt":1,"iceandfire:frozen_stone":2,"ttigraas:race_reroll_scroll":13,"minecraft:granite":3,"minecraft:dark_oak_planks":1,"mana-and-artifice:runeforge":1,"minecraft:furnace":3,"astralsorcery:altar_discovery":1,"torchmaster:megatorch":3,"mana-and-artifice:brazier":2,"ttigraas:skill_reroll_scroll":1,"minecraft:iron_ore":2,"minecraft:cobblestone_stairs":110,"minecraft:stone_pickaxe":1055,"minecraft:wooden_pickaxe":5,"minecraft:sugar_cane":19,"minecraft:crafting_table":3,"minecraft:squid_spawn_egg":1,"minecraft:spruce_log":41,"minecraft:oak_log":16,"mana-and-artifice:runescribing_table":1,"minecraft:bread":2,"minecraft:iron_pickaxe":81,"minecraft:stone_axe":10,"minecraft:cobblestone":3,"minecraft:air":1},"minecraft:dropped":{"minecraft:oak_slab":8,"ttigraas:race_reroll_scroll":3,"minecraft:cobblestone":38,"iceandfire:frozen_dirt":3,"minecraft:observer":1,"iceandfire:ectoplasm":2,"futurepack:spawn_note":1,"mana-and-artifice:wand":1,"mana-and-artifice:staff_c":1,"minecraft:stick":3,"minecraft:cobweb":6,"born_in_chaos_v1:black_argillite":6,"minecraft:dispenser":1,"minecraft:gravel":11,"astralsorcery:marble_bricks":1,"minecraft:rotten_flesh":9,"iceandfire:frozen_stone":10,"evilcraft:flesh_humanoid":1,"minecraft:andesite":2,"ttigraas:skill_reroll_scroll":1,"minecraft:wooden_pickaxe":2,"minecraft:written_book":1,"minecraft:netherrack":277},"minecraft:custom":{"lootr:looted_stat":22,"minecraft:mob_kills":28,"minecraft:interact_with_crafting_table":14,"minecraft:leave_game":3,"minecraft:time_since_death":1392,"minecraft:climb_one_cm":2102,"minecraft:damage_resisted":443,"minecraft:sprint_one_cm":169748,"minecraft:walk_one_cm":208753,"minecraft:drop":52,"minecraft:deaths":23,"minecraft:sneak_time":3900,"minecraft:walk_under_water_one_cm":12899,"minecraft:jump":489,"minecraft:walk_on_water_one_cm":11636,"minecraft:interact_with_furnace":1,"minecraft:play_one_minute":168529,"minecraft:sleep_in_bed":2,"minecraft:time_since_rest":1421,"minecraft:waystone_activated":1,"minecraft:damage_taken":10304,"minecraft:damage_dealt":6733,"minecraft:swim_one_cm":23598,"minecraft:fly_one_cm":436144,"minecraft:open_chest":49,"minecraft:crouch_one_cm":3153,"minecraft:fall_one_cm":42170,"minecraft:horse_one_cm":15670}},"DataVersion":2586}