{"stats":{"minecraft:picked_up":{"minecraft:crafting_table":1,"minecraft:end_stone":1,"minecraft:quartz":3,"minecraft:porkchop":3,"minecraft:oak_log":5,"evilcraft:flesh_humanoid":1,"minecraft:nether_wart_block":3,"minecraft:dirt":1,"ttigraas:race_reroll_scroll":1,"minecraft:apple":1,"minecraft:netherrack":40,"minecraft:coal":10,"minecraft:cobblestone":34},"minecraft:killed_by":{"minecraft:player":1,"born_in_chaos_v1:restless_spirit":2,"alexsmobs:crimson_mosquito":1,"minecraft:enderman":1},"minecraft:mined":{"minecraft:end_stone":1,"minecraft:crafting_table":1,"minecraft:grass_block":1,"minecraft:coal_ore":10,"minecraft:oak_log":1,"minecraft:nether_quartz_ore":3,"minecraft:stone":34,"minecraft:netherrack":22},"minecraft:used":{"minecraft:apple":1,"minecraft:stone_pickaxe":55,"minecraft:wooden_pickaxe":19,"minecraft:crafting_table":1,"ttigraas:race_reroll_scroll":1,"minecraft:golden_axe":7},"minecraft:dropped":{"minecraft:nether_wart_block":3,"minecraft:wooden_pickaxe":1},"minecraft:crafted":{"minecraft:oak_planks":20,"minecraft:crafting_table":1,"minecraft:stick":4,"minecraft:wooden_pickaxe":1,"minecraft:stone_pickaxe":1},"minecraft:custom":{"minecraft:time_since_rest":5735,"lootr:looted_stat":6,"minecraft:sprint_one_cm":37230,"minecraft:damage_taken":1921,"minecraft:walk_one_cm":134415,"minecraft:mob_kills":5,"minecraft:drop":4,"minecraft:damage_dealt":744,"minecraft:interact_with_crafting_table":8,"minecraft:fly_one_cm":55392,"minecraft:crouch_one_cm":490,"minecraft:play_one_minute":45583,"minecraft:deaths":6,"minecraft:sneak_time":880,"minecraft:walk_under_water_one_cm":54,"minecraft:jump":243,"minecraft:leave_game":3,"minecraft:walk_on_water_one_cm":1287,"minecraft:time_since_death":5680,"minecraft:climb_one_cm":577,"minecraft:damage_resisted":211,"minecraft:fall_one_cm":37479},"minecraft:killed":{"minecraft:pig":2,"alexsmobs:crimson_mosquito":1}},"DataVersion":2586}