{"stats":{"minecraft:picked_up":{"minecraft:porkchop":3,"ttigraas:race_reroll_scroll":1,"minecraft:dirt":1},"minecraft:mined":{"minecraft:grass_block":1},"minecraft:used":{"ttigraas:race_reroll_scroll":1},"minecraft:custom":{"minecraft:jump":85,"minecraft:time_since_rest":15350,"minecraft:leave_game":2,"minecraft:time_since_death":15323,"minecraft:play_one_minute":16744,"minecraft:crouch_one_cm":287,"minecraft:sprint_one_cm":1328,"minecraft:walk_one_cm":69265,"minecraft:walk_on_water_one_cm":1257,"minecraft:deaths":1,"minecraft:sneak_time":738,"minecraft:climb_one_cm":577,"minecraft:walk_under_water_one_cm":54,"minecraft:mob_kills":2,"minecraft:fall_one_cm":6253,"minecraft:fly_one_cm":992,"minecraft:damage_dealt":200,"minecraft:damage_taken":100},"minecraft:killed":{"minecraft:pig":2}},"DataVersion":2586}