{"stats":{"minecraft:killed":{"minecraft:pig":2},"minecraft:custom":{"minecraft:jump":82,"minecraft:time_since_rest":14595,"minecraft:damage_dealt":200,"minecraft:crouch_one_cm":287,"minecraft:play_one_minute":15989,"minecraft:deaths":1,"minecraft:leave_game":2,"minecraft:sprint_one_cm":719,"minecraft:damage_taken":100,"minecraft:time_since_death":14568,"minecraft:walk_one_cm":69138,"minecraft:sneak_time":738,"minecraft:climb_one_cm":577,"minecraft:walk_under_water_one_cm":54,"minecraft:mob_kills":2,"minecraft:fall_one_cm":5922,"minecraft:fly_one_cm":81,"minecraft:walk_on_water_one_cm":1257},"minecraft:mined":{"minecraft:grass_block":1},"minecraft:picked_up":{"minecraft:porkchop":3,"ttigraas:race_reroll_scroll":1,"minecraft:dirt":1},"minecraft:used":{"ttigraas:race_reroll_scroll":1}},"DataVersion":2586}