{"stats":{"minecraft:picked_up":{"minecraft:crafting_table":1,"minecraft:end_stone":1,"minecraft:quartz":3,"minecraft:stripped_acacia_wood":4,"minecraft:porkchop":3,"minecraft:oak_log":5,"evilcraft:flesh_humanoid":2,"minecraft:crimson_planks":6,"minecraft:warped_planks":3,"minecraft:nether_wart_block":3,"minecraft:acacia_stairs":1,"minecraft:barrel":2,"minecraft:dirt":1,"minecraft:dark_oak_planks":2,"ttigraas:race_reroll_scroll":1,"minecraft:red_carpet":3,"minecraft:apple":1,"minecraft:stripped_warped_stem":1,"minecraft:chest":1,"minecraft:netherrack":57,"minecraft:coal":10,"minecraft:cobblestone":34},"minecraft:broken":{"minecraft:leather_chestplate":1},"minecraft:killed_by":{"minecraft:player":1,"born_in_chaos_v1:restless_spirit":2,"minecraft:skeleton":4,"minecraft:creeper":2,"minecraft:guardian":1,"alexsmobs:crimson_mosquito":1,"minecraft:enderman":1},"minecraft:mined":{"minecraft:end_stone":1,"minecraft:crafting_table":1,"minecraft:grass_block":1,"minecraft:coal_ore":10,"minecraft:oak_log":1,"minecraft:nether_quartz_ore":3,"minecraft:stone":34,"minecraft:netherrack":39},"minecraft:used":{"minecraft:dark_oak_planks":1,"minecraft:apple":1,"minecraft:stone_pickaxe":72,"minecraft:chest":1,"minecraft:wooden_pickaxe":19,"minecraft:barrel":2,"minecraft:golden_carrot":1,"minecraft:crafting_table":1,"ttigraas:race_reroll_scroll":1,"minecraft:splash_potion":1,"minecraft:golden_axe":7},"minecraft:dropped":{"minecraft:dirt":1,"minecraft:nether_wart_block":3,"minecraft:end_stone":1,"minecraft:wooden_pickaxe":1,"minecraft:stripped_acacia_wood":3,"minecraft:red_carpet":3},"minecraft:crafted":{"minecraft:oak_planks":20,"minecraft:crafting_table":1,"minecraft:stick":4,"minecraft:wooden_pickaxe":1,"minecraft:stone_pickaxe":1},"minecraft:custom":{"minecraft:time_since_rest":8972,"lootr:looted_stat":17,"minecraft:sprint_one_cm":45992,"minecraft:damage_taken":6515,"minecraft:walk_one_cm":155287,"minecraft:mob_kills":5,"minecraft:drop":11,"minecraft:damage_dealt":744,"minecraft:open_barrel":2,"minecraft:interact_with_crafting_table":8,"minecraft:fly_one_cm":235763,"minecraft:open_chest":1,"minecraft:crouch_one_cm":560,"minecraft:play_one_minute":69583,"minecraft:deaths":13,"minecraft:sneak_time":2024,"minecraft:walk_under_water_one_cm":54,"minecraft:jump":270,"minecraft:leave_game":3,"minecraft:walk_on_water_one_cm":1342,"minecraft:time_since_death":8941,"minecraft:climb_one_cm":577,"minecraft:damage_resisted":1362,"minecraft:fall_one_cm":51277},"minecraft:killed":{"minecraft:pig":2,"alexsmobs:crimson_mosquito":1}},"DataVersion":2586}