{"stats":{"minecraft:picked_up":{"minecraft:crafting_table":1,"minecraft:end_stone":1,"minecraft:quartz":3,"minecraft:stripped_acacia_wood":4,"minecraft:porkchop":3,"dotcoinmod:copper_coin":1,"minecraft:oak_log":5,"evilcraft:flesh_humanoid":2,"minecraft:crimson_planks":6,"minecraft:warped_planks":3,"minecraft:nether_wart_block":3,"minecraft:acacia_stairs":1,"minecraft:barrel":2,"minecraft:dirt":1,"minecraft:dark_oak_planks":2,"minecraft:phantom_spawn_egg":1,"ttigraas:race_reroll_scroll":1,"minecraft:red_carpet":3,"minecraft:apple":1,"minecraft:stripped_warped_stem":1,"minecraft:chest":1,"minecraft:netherrack":57,"minecraft:coal":10,"minecraft:cobblestone":34},"minecraft:broken":{"minecraft:leather_chestplate":1},"minecraft:killed_by":{"minecraft:player":1,"born_in_chaos_v1:restless_spirit":2,"minecraft:skeleton":5,"minecraft:creeper":2,"minecraft:guardian":1,"alexsmobs:crimson_mosquito":1,"minecraft:enderman":1},"minecraft:mined":{"minecraft:magenta_stained_glass_pane":1,"minecraft:end_stone":1,"minecraft:crafting_table":1,"minecraft:grass_block":1,"minecraft:coal_ore":10,"minecraft:oak_log":1,"minecraft:nether_quartz_ore":3,"minecraft:stone":34,"minecraft:netherrack":39},"minecraft:used":{"minecraft:dark_oak_planks":1,"minecraft:apple":1,"minecraft:stone_pickaxe":72,"minecraft:chest":1,"minecraft:wooden_pickaxe":19,"minecraft:barrel":2,"minecraft:golden_apple":1,"minecraft:golden_carrot":2,"minecraft:crafting_table":1,"ttigraas:race_reroll_scroll":1,"minecraft:splash_potion":1,"minecraft:golden_axe":7},"minecraft:dropped":{"minecraft:dirt":1,"minecraft:nether_wart_block":3,"minecraft:end_stone":1,"minecraft:wooden_pickaxe":1,"minecraft:stripped_acacia_wood":3,"minecraft:red_carpet":3},"minecraft:crafted":{"minecraft:oak_planks":20,"minecraft:crafting_table":1,"minecraft:stick":4,"minecraft:wooden_pickaxe":1,"minecraft:stone_pickaxe":1},"minecraft:custom":{"minecraft:time_since_rest":9433,"lootr:looted_stat":20,"minecraft:sprint_one_cm":71259,"minecraft:damage_taken":7344,"minecraft:walk_one_cm":162247,"minecraft:mob_kills":6,"minecraft:drop":11,"minecraft:damage_dealt":944,"minecraft:open_barrel":3,"minecraft:interact_with_crafting_table":8,"minecraft:fly_one_cm":422925,"minecraft:open_chest":1,"minecraft:crouch_one_cm":566,"minecraft:play_one_minute":81583,"minecraft:deaths":14,"minecraft:sneak_time":3517,"minecraft:walk_under_water_one_cm":54,"minecraft:jump":285,"minecraft:leave_game":3,"minecraft:walk_on_water_one_cm":1342,"minecraft:time_since_death":9313,"minecraft:climb_one_cm":577,"minecraft:damage_resisted":1568,"minecraft:fall_one_cm":53059},"minecraft:killed":{"minecraft:pig":2,"alexsmobs:crimson_mosquito":1,"minecraft:phantom":1}},"DataVersion":2586}