{"stats":{"minecraft:picked_up":{"ttigraas:race_reroll_scroll":1,"minecraft:apple":1,"minecraft:porkchop":3,"evilcraft:flesh_humanoid":1,"minecraft:oak_log":5,"minecraft:coal":10,"minecraft:dirt":1,"minecraft:cobblestone":20},"minecraft:killed_by":{"minecraft:player":1,"born_in_chaos_v1:restless_spirit":1},"minecraft:mined":{"minecraft:oak_log":1,"minecraft:grass_block":1,"minecraft:coal_ore":10,"minecraft:stone":20},"minecraft:used":{"minecraft:apple":1,"minecraft:crafting_table":1,"minecraft:stone_pickaxe":15,"minecraft:wooden_pickaxe":19,"ttigraas:race_reroll_scroll":1},"minecraft:dropped":{"minecraft:wooden_pickaxe":1},"minecraft:crafted":{"minecraft:oak_planks":20,"minecraft:crafting_table":1,"minecraft:stick":4,"minecraft:stone_pickaxe":1,"minecraft:wooden_pickaxe":1},"minecraft:custom":{"minecraft:time_since_rest":2156,"minecraft:damage_taken":780,"minecraft:play_one_minute":27583,"minecraft:crouch_one_cm":475,"lootr:looted_stat":2,"minecraft:sprint_one_cm":17133,"minecraft:walk_one_cm":87600,"minecraft:deaths":3,"minecraft:sneak_time":828,"minecraft:walk_under_water_one_cm":54,"minecraft:mob_kills":2,"minecraft:drop":1,"minecraft:jump":157,"minecraft:damage_dealt":356,"minecraft:leave_game":3,"minecraft:time_since_death":1505,"minecraft:walk_on_water_one_cm":1287,"minecraft:climb_one_cm":577,"minecraft:interact_with_crafting_table":8,"minecraft:fall_one_cm":12059,"minecraft:fly_one_cm":25016},"minecraft:killed":{"minecraft:pig":2}},"DataVersion":2586}