{"stats":{"minecraft:picked_up":{"iceandfire:dragon_skull_lightning":1,"minecraft:brown_bed":1,"mana-and-artifice:desert_nova":1,"evilcraft:flesh_humanoid":1,"dotcoinmod:copper_coin":7,"minecraft:string":1,"minecraft:dirt":1,"minecraft:orange_terracotta":1,"minecraft:stone_bricks":1,"minecraft:cracked_stone_bricks":1,"minecraft:iron_ore":10,"dotcoinmod:iron_coin":1,"minecraft:mossy_stone_bricks":3,"futurepack:ore_tin":1,"iceandfire:dragonbone":21,"minecraft:sweet_berries":35,"minecraft:acacia_log":3,"minecraft:redstone":4,"minecraft:quartz_block":1,"minecraft:polished_andesite":2,"minecraft:arrow":2,"minecraft:granite":2,"minecraft:mossy_cobblestone_stairs":1,"minecraft:terracotta":1,"minecraft:iron_bars":8,"minecraft:cobblestone":32},"minecraft:killed_by":{"minecraft:cave_spider":1,"minecraft:skeleton":5,"minecraft:stray":1,"minecraft:creeper":1,"minecraft:zombie":2},"minecraft:mined":{"mana-and-artifice:desert_nova":1,"minecraft:quartz_block":1,"minecraft:mossy_cobblestone":2,"minecraft:orange_terracotta":1,"futurepack:ore_tin":1,"minecraft:granite":2,"minecraft:acacia_log":3,"minecraft:grass_block":1,"minecraft:tall_grass":2,"minecraft:spawner":8,"minecraft:redstone_ore":1,"minecraft:mossy_cobblestone_stairs":4,"minecraft:iron_ore":10,"minecraft:sweet_berry_bush":5,"minecraft:stone_brick_stairs":3,"minecraft:brown_bed":1,"minecraft:mossy_stone_brick_stairs":4,"minecraft:iron_bars":10,"minecraft:cracked_stone_bricks":2,"minecraft:terracotta":1,"minecraft:stone_bricks":3,"minecraft:polished_andesite":2,"minecraft:stone":32,"minecraft:mossy_stone_bricks":6},"minecraft:used":{"minecraft:iron_bars":6,"minecraft:iron_sword":62,"minecraft:golden_apple":1,"minecraft:dirt":1,"minecraft:crafting_table":1,"minecraft:diamond_pickaxe":12,"minecraft:apple":1,"minecraft:bread":4,"minecraft:iron_pickaxe":81,"minecraft:cobblestone":17,"minecraft:written_book":1,"minecraft:sweet_berries":2,"minecraft:orange_terracotta":1},"minecraft:dropped":{"minecraft:bread":1,"minecraft:sweet_berries":12,"minecraft:orange_dye":2,"minecraft:granite":2,"minecraft:cracked_stone_bricks":1,"minecraft:polished_andesite":2,"minecraft:iron_chestplate":1,"minecraft:mossy_stone_bricks":1,"minecraft:potion":1,"dotcoinmod:copper_coin":3,"minecraft:stone_bricks":1,"minecraft:iron_bars":2,"minecraft:arrow":2,"minecraft:iron_pickaxe":1,"minecraft:redstone":4},"minecraft:crafted":{"minecraft:crafting_table":1,"minecraft:iron_sword":1,"minecraft:orange_dye":2,"minecraft:stick":4,"minecraft:iron_pickaxe":1,"minecraft:acacia_planks":12},"minecraft:custom":{"lootr:looted_stat":28,"minecraft:mob_kills":11,"minecraft:interact_with_crafting_table":1,"minecraft:play_one_minute":25752,"minecraft:time_since_death":2379,"minecraft:damage_resisted":10,"minecraft:time_since_rest":2405,"minecraft:sprint_one_cm":93221,"minecraft:walk_one_cm":85532,"minecraft:damage_taken":1959,"minecraft:damage_absorbed":40,"minecraft:drop":29,"minecraft:damage_dealt":2310,"minecraft:swim_one_cm":1343,"minecraft:fly_one_cm":71199,"minecraft:crouch_one_cm":928,"minecraft:deaths":11,"minecraft:sneak_time":296,"minecraft:walk_under_water_one_cm":102,"minecraft:jump":355,"minecraft:walk_on_water_one_cm":577,"minecraft:fall_one_cm":10378},"minecraft:killed":{"minecraft:cave_spider":2,"minecraft:zombie":1,"minecraft:stray":1,"minecraft:wither_skeleton":7}},"DataVersion":2586}