{"stats":{"minecraft:mined":{"minecraft:grass_block":1},"minecraft:killed":{"minecraft:cow":1},"minecraft:picked_up":{"minecraft:beef":3,"minecraft:leather":1,"minecraft:dirt":1},"minecraft:killed_by":{"born_in_chaos_v1:baby_skkl":1},"minecraft:used":{"alexsmobs:animal_dictionary":1},"minecraft:custom":{"minecraft:jump":103,"minecraft:time_since_rest":570,"minecraft:damage_taken":60,"minecraft:damage_dealt":70,"minecraft:play_one_minute":3954,"minecraft:leave_game":3,"minecraft:sprint_one_cm":9932,"minecraft:time_since_death":405,"minecraft:walk_on_water_one_cm":970,"minecraft:walk_one_cm":6041,"minecraft:sneak_time":11,"minecraft:walk_under_water_one_cm":149,"minecraft:mob_kills":1,"minecraft:swim_one_cm":2541,"minecraft:fall_one_cm":418,"minecraft:fly_one_cm":21179,"minecraft:deaths":1}},"DataVersion":2586}