{"stats":{"minecraft:picked_up":{"minecraft:crafting_table":1,"minecraft:leather":1,"minecraft:beef":3,"minecraft:spruce_sapling":4,"minecraft:spruce_log":7,"minecraft:dirt":1,"minecraft:cobblestone":4},"minecraft:killed_by":{"born_in_chaos_v1:baby_skkl":1,"ttigraas:evil_centipede":1},"minecraft:mined":{"minecraft:grass_block":1,"minecraft:spruce_leaves":4,"minecraft:spruce_log":7,"minecraft:stone":4,"minecraft:crafting_table":1},"minecraft:used":{"minecraft:crafting_table":1,"alexsmobs:animal_dictionary":1,"minecraft:wooden_pickaxe":4,"minecraft:spruce_planks":1},"minecraft:custom":{"minecraft:time_since_rest":522,"minecraft:play_one_minute":12294,"minecraft:crouch_one_cm":108,"minecraft:sprint_one_cm":20712,"minecraft:damage_taken":300,"minecraft:walk_one_cm":10822,"minecraft:deaths":2,"minecraft:sneak_time":29,"minecraft:walk_under_water_one_cm":149,"minecraft:mob_kills":1,"minecraft:jump":191,"minecraft:damage_dealt":70,"minecraft:leave_game":4,"minecraft:time_since_death":469,"minecraft:walk_on_water_one_cm":1365,"minecraft:climb_one_cm":28,"minecraft:swim_one_cm":2541,"minecraft:interact_with_crafting_table":2,"minecraft:fall_one_cm":1672,"minecraft:fly_one_cm":39991},"minecraft:crafted":{"minecraft:stone_sword":1,"minecraft:crafting_table":1,"minecraft:spruce_planks":28,"minecraft:stick":4,"minecraft:wooden_pickaxe":1},"minecraft:killed":{"minecraft:cow":1}},"DataVersion":2586}