{"stats":{"minecraft:picked_up":{"minecraft:crafting_table":3,"minecraft:leather":1,"minecraft:spruce_sapling":4,"minecraft:spruce_log":7,"dotcoinmod:copper_coin":2,"minecraft:dirt":1,"iceandfire:dragon_ice":5,"minecraft:spruce_planks":2,"minecraft:beef":3,"minecraft:emerald":1,"minecraft:snowball":24,"minecraft:cobblestone":15},"minecraft:killed_by":{"born_in_chaos_v1:baby_skkl":2,"ttigraas:evil_centipede":1},"minecraft:mined":{"minecraft:spruce_planks":2,"minecraft:spruce_log":7,"minecraft:crafting_table":3,"minecraft:grass_block":1,"iceandfire:dragon_ice":9,"minecraft:spruce_leaves":4,"minecraft:stone":15},"minecraft:used":{"minecraft:wooden_axe":16,"minecraft:stone_sword":10,"minecraft:stone_pickaxe":13,"minecraft:spruce_planks":7,"minecraft:wooden_pickaxe":11,"minecraft:stone_axe":1,"minecraft:crafting_table":3,"alexsmobs:animal_dictionary":1},"minecraft:crafted":{"minecraft:crafting_table":1,"minecraft:stick":12,"minecraft:spruce_planks":28,"minecraft:wooden_pickaxe":1,"minecraft:stone_pickaxe":1,"minecraft:wooden_axe":1,"minecraft:stone_sword":1,"minecraft:stone_axe":1},"minecraft:custom":{"minecraft:time_since_rest":2366,"lootr:looted_stat":3,"minecraft:sprint_one_cm":42089,"minecraft:damage_taken":555,"minecraft:walk_one_cm":21871,"minecraft:mob_kills":2,"minecraft:damage_dealt":863,"minecraft:swim_one_cm":3213,"minecraft:interact_with_crafting_table":7,"minecraft:fly_one_cm":86382,"minecraft:crouch_one_cm":1825,"minecraft:play_one_minute":28030,"minecraft:deaths":3,"minecraft:sneak_time":1304,"minecraft:walk_under_water_one_cm":423,"minecraft:jump":421,"minecraft:walk_on_water_one_cm":2498,"minecraft:leave_game":4,"minecraft:time_since_death":2334,"minecraft:climb_one_cm":28,"minecraft:fall_one_cm":6541},"minecraft:killed":{"ttigraas:otherworlder":1,"minecraft:cow":1}},"DataVersion":2586}