{"stats":{"minecraft:picked_up":{"minecraft:crafting_table":3,"minecraft:leather":1,"minecraft:spruce_sapling":4,"minecraft:spruce_log":7,"dotcoinmod:copper_coin":3,"minecraft:dirt":1,"iceandfire:dragon_ice":5,"minecraft:spruce_planks":2,"minecraft:beef":3,"minecraft:emerald":1,"minecraft:snowball":24,"minecraft:cobblestone":15},"minecraft:killed_by":{"born_in_chaos_v1:baby_skkl":2,"minecraft:player":1,"ttigraas:evil_centipede":1},"minecraft:mined":{"minecraft:spruce_planks":2,"minecraft:spruce_log":7,"minecraft:crafting_table":3,"minecraft:grass_block":1,"iceandfire:dragon_ice":9,"minecraft:spruce_leaves":4,"minecraft:stone":15},"minecraft:used":{"minecraft:wooden_axe":16,"minecraft:stone_sword":10,"minecraft:stone_pickaxe":13,"minecraft:spruce_planks":7,"minecraft:wooden_pickaxe":11,"minecraft:stone_axe":1,"minecraft:crafting_table":3,"alexsmobs:animal_dictionary":1},"minecraft:crafted":{"minecraft:crafting_table":1,"minecraft:stick":12,"minecraft:spruce_planks":28,"minecraft:wooden_pickaxe":1,"minecraft:stone_pickaxe":1,"minecraft:wooden_axe":1,"minecraft:stone_sword":1,"minecraft:stone_axe":1},"minecraft:custom":{"minecraft:time_since_rest":172,"lootr:looted_stat":5,"minecraft:sprint_one_cm":47906,"minecraft:damage_taken":1188,"minecraft:walk_one_cm":39120,"minecraft:interact_with_anvil":1,"minecraft:mob_kills":2,"minecraft:damage_dealt":903,"minecraft:player_kills":2,"minecraft:swim_one_cm":3213,"minecraft:interact_with_crafting_table":7,"minecraft:fly_one_cm":90731,"minecraft:crouch_one_cm":1979,"minecraft:play_one_minute":37751,"minecraft:deaths":6,"minecraft:sneak_time":1389,"minecraft:walk_under_water_one_cm":423,"minecraft:jump":503,"minecraft:interact_with_blast_furnace":1,"minecraft:walk_on_water_one_cm":2541,"minecraft:leave_game":5,"minecraft:time_since_death":136,"minecraft:climb_one_cm":442,"minecraft:fall_one_cm":7915},"minecraft:killed":{"ttigraas:otherworlder":1,"minecraft:cow":1}},"DataVersion":2586}