{"stats":{"minecraft:picked_up":{"minecraft:crafting_table":3,"minecraft:leather":1,"born_in_chaos_v1:ethereal_spirit":1,"minecraft:spruce_sapling":4,"dotcoinmod:copper_coin":4,"minecraft:spruce_log":7,"minecraft:dirt":3,"minecraft:spruce_planks":2,"iceandfire:dragon_ice":5,"minecraft:beef":3,"minecraft:emerald":1,"minecraft:phantom_membrane":1,"minecraft:snowball":24,"minecraft:cobblestone":15,"minecraft:egg":1},"minecraft:killed_by":{"born_in_chaos_v1:bonescaller":1,"born_in_chaos_v1:baby_skkl":2,"minecraft:player":1,"born_in_chaos_v1:restless_spirit":1,"born_in_chaos_v1:dread_hound":1,"minecraft:skeleton":1,"ttigraas:evil_centipede":1},"minecraft:mined":{"minecraft:spruce_planks":2,"minecraft:spruce_log":7,"minecraft:crafting_table":3,"minecraft:grass_block":2,"minecraft:dirt":1,"minecraft:spruce_leaves":4,"iceandfire:dragon_ice":9,"minecraft:stone":15},"minecraft:used":{"minecraft:wooden_axe":16,"minecraft:stone_sword":10,"minecraft:stone_pickaxe":13,"minecraft:spruce_planks":7,"minecraft:wooden_pickaxe":11,"minecraft:stone_axe":1,"minecraft:dirt":2,"minecraft:crafting_table":3,"minecraft:egg":1,"alexsmobs:animal_dictionary":1},"minecraft:crafted":{"minecraft:crafting_table":1,"minecraft:spruce_planks":28,"minecraft:stick":12,"minecraft:wooden_pickaxe":1,"minecraft:stone_pickaxe":1,"minecraft:wooden_axe":1,"minecraft:stone_sword":1,"minecraft:stone_axe":1},"minecraft:custom":{"minecraft:time_since_rest":116,"lootr:looted_stat":7,"minecraft:sprint_one_cm":76285,"minecraft:damage_taken":2710,"minecraft:walk_one_cm":46894,"minecraft:mob_kills":3,"minecraft:interact_with_anvil":1,"minecraft:damage_dealt":1198,"minecraft:swim_one_cm":10612,"minecraft:interact_with_crafting_table":7,"minecraft:fly_one_cm":163115,"minecraft:player_kills":2,"minecraft:play_one_minute":49383,"minecraft:crouch_one_cm":2205,"minecraft:deaths":10,"minecraft:sneak_time":1606,"minecraft:walk_under_water_one_cm":888,"minecraft:jump":872,"minecraft:leave_game":5,"minecraft:time_since_death":84,"minecraft:interact_with_blast_furnace":1,"minecraft:walk_on_water_one_cm":3744,"minecraft:climb_one_cm":995,"minecraft:damage_resisted":63,"minecraft:fall_one_cm":17061},"minecraft:killed":{"born_in_chaos_v1:restless_spirit":1,"ttigraas:otherworlder":1,"minecraft:cow":1}},"DataVersion":2586}