{"stats":{"minecraft:picked_up":{"minecraft:crafting_table":5,"minecraft:leather":1,"born_in_chaos_v1:ethereal_spirit":1,"evilcraft:flesh_humanoid":2,"minecraft:spruce_sapling":5,"dotcoinmod:copper_coin":8,"minecraft:spruce_log":15,"minecraft:dirt":3,"minecraft:arrow":13,"minecraft:bone":10,"minecraft:bow":1,"minecraft:iron_helmet":1,"minecraft:spruce_planks":2,"iceandfire:dragon_ice":5,"dotcoinmod:iron_coin":2,"minecraft:beef":3,"minecraft:emerald":1,"minecraft:phantom_membrane":1,"minecraft:snowball":24,"minecraft:cobblestone":31,"minecraft:egg":1},"minecraft:killed_by":{"born_in_chaos_v1:bonescaller":1,"born_in_chaos_v1:baby_skkl":2,"minecraft:player":1,"born_in_chaos_v1:restless_spirit":1,"born_in_chaos_v1:dread_hound":1,"minecraft:skeleton":4,"ttigraas:evil_centipede":1},"minecraft:mined":{"minecraft:spruce_planks":2,"minecraft:spruce_log":15,"minecraft:crafting_table":5,"minecraft:grass_block":2,"minecraft:dirt":1,"minecraft:spruce_leaves":5,"iceandfire:dragon_ice":9,"minecraft:stone":32},"minecraft:used":{"minecraft:wooden_axe":16,"minecraft:apple":11,"minecraft:stone_sword":10,"minecraft:iron_axe":24,"minecraft:stone_pickaxe":13,"minecraft:iron_pickaxe":17,"minecraft:spruce_planks":7,"minecraft:wooden_pickaxe":11,"minecraft:stone_axe":1,"minecraft:dirt":2,"minecraft:cobblestone":9,"minecraft:crafting_table":5,"minecraft:egg":1,"alexsmobs:animal_dictionary":1,"minecraft:spruce_log":5},"minecraft:crafted":{"minecraft:iron_chestplate":1,"minecraft:iron_axe":1,"minecraft:crafting_table":2,"minecraft:spruce_planks":40,"minecraft:stick":16,"minecraft:iron_helmet":1,"minecraft:iron_pickaxe":1,"minecraft:wooden_pickaxe":1,"minecraft:stone_pickaxe":1,"minecraft:wooden_axe":1,"minecraft:stone_sword":1,"minecraft:iron_leggings":1,"minecraft:stone_axe":1},"minecraft:custom":{"minecraft:time_since_rest":1909,"lootr:looted_stat":13,"minecraft:sprint_one_cm":98069,"minecraft:damage_taken":3792,"minecraft:walk_one_cm":68600,"minecraft:mob_kills":11,"minecraft:interact_with_anvil":1,"minecraft:damage_dealt":2144,"minecraft:swim_one_cm":14111,"minecraft:interact_with_crafting_table":9,"minecraft:fly_one_cm":189780,"minecraft:player_kills":2,"minecraft:play_one_minute":61383,"minecraft:crouch_one_cm":3801,"minecraft:deaths":13,"minecraft:sneak_time":2033,"minecraft:walk_under_water_one_cm":1312,"minecraft:jump":1068,"minecraft:leave_game":5,"minecraft:time_since_death":1887,"minecraft:interact_with_blast_furnace":1,"minecraft:walk_on_water_one_cm":5433,"minecraft:climb_one_cm":3048,"minecraft:damage_resisted":63,"minecraft:fall_one_cm":19006},"minecraft:killed":{"minecraft:skeleton":6,"born_in_chaos_v1:restless_spirit":1,"ttigraas:otherworlder":1,"minecraft:cow":1}},"DataVersion":2586}