{"stats":{"minecraft:used":{"alexsmobs:animal_dictionary":1},"minecraft:mined":{"minecraft:spruce_log":5},"minecraft:custom":{"minecraft:jump":48,"minecraft:time_since_rest":17084,"minecraft:walk_on_water_one_cm":239,"minecraft:play_one_minute":23585,"minecraft:crouch_one_cm":11,"minecraft:damage_taken":160,"minecraft:leave_game":3,"minecraft:sprint_one_cm":31992,"minecraft:time_since_death":17052,"minecraft:walk_one_cm":20352,"minecraft:deaths":1,"minecraft:sneak_time":49,"minecraft:climb_one_cm":720,"minecraft:walk_under_water_one_cm":2452,"minecraft:swim_one_cm":2236,"minecraft:fall_one_cm":2776,"minecraft:fly_one_cm":3573},"minecraft:picked_up":{"minecraft:spruce_log":5}},"DataVersion":2586}